{"initial_reset_timestamp": 1.385740542, "timestamps": [7.350539333, 12.8478275], "episode_lengths": [1563, 1538], "episode_rewards": [21.0, 21.0], "episode_types": ["t", "t", "t"]}